CHOTI,"KIANG HUAT SEA GULL TRADING FROZEN FOOD PUBLIC CO., LTD.",AGRO,AGRI
EE,ETERNAL ENERGY PUBLIC COMPANY LIMITED,AGRO,AGRI
GFPT,GFPT PUBLIC COMPANY LIMITED,AGRO,AGRI
LEE,LEE FEED MILL PUBLIC COMPANY LIMITED,AGRO,AGRI
STA,SRI TRANG AGRO-INDUSTRY PUBLIC COMPANY LIMITED,AGRO,AGRI
TLUXE,THAILUXE ENTERPRISES PUBLIC COMPANY LIMITED,AGRO,AGRI
TRUBB,"THAI RUBBER LATEX CORPORATION (THAILAND) PUBLIC CO.,LTD.",AGRO,AGRI
TWPC,THAI WAH PUBLIC COMPANY LIMITED,AGRO,AGRI
UPOIC,UNITED PALM OIL INDUSTRY PUBLIC COMPANY LIMITED,AGRO,AGRI
UVAN,UNIVANICH PALM OIL PUBLIC COMPANY LIMITED,AGRO,AGRI
VPO,VICHITBHAN PALMOIL PUBLIC COMPANY LIMITED,AGRO,AGRI
APURE,AGRIPURE HOLDINGS PUBLIC COMPANY LIMITED,AGRO,FOOD
ASIAN,ASIAN SEAFOODS COLDSTORAGE PUBLIC COMPANY LIMITED,AGRO,FOOD
BR,BANGKOK RANCH PUBLIC COMPANY LIMITED,AGRO,FOOD
BRR,BURIRAM SUGAR PUBLIC COMPANY LIMITED,AGRO,FOOD
CBG,CARABAO GROUP PUBLIC COMPANY LIMITED,AGRO,FOOD
CFRESH,SEAFRESH INDUSTRY PUBLIC COMPANY LIMITED,AGRO,FOOD
CM,CHIANGMAI FROZEN FOODS PUBLIC COMPANY LIMITED,AGRO,FOOD
CPF,CHAROEN POKPHAND FOODS PUBLIC COMPANY LIMITED,AGRO,FOOD
CPI,CHUMPORN PALM OIL INDUSTRY PUBLIC COMPANY LIMITED,AGRO,FOOD
F&D,FOOD AND DRINKS PUBLIC COMPANY LIMITED,AGRO,FOOD
HTC,HAAD THIP PUBLIC COMPANY LIMITED,AGRO,FOOD
ICHI,ICHITAN GROUP PUBLIC COMPANY LIMITED,AGRO,FOOD
KBS,KHONBURI SUGAR PUBLIC COMPANY LIMITED,AGRO,FOOD
KSL,KHON KAEN SUGAR INDUSTRY PUBLIC COMPANY LIMITED,AGRO,FOOD
KTIS,KASET THAI INTERNATIONAL SUGAR CORPORATION PUBLIC COMPANY LIMITED,AGRO,FOOD
LST,LAM SOON (THAILAND) PUBLIC COMPANY LIMITED,AGRO,FOOD
M,MK RESTAURANT GROUP PUBLIC COMPANY LIMITED,AGRO,FOOD
MALEE,MALEE GROUP PUBLIC COMPANY LIMITED,AGRO,FOOD
MINT,MINOR INTERNATIONAL PUBLIC COMPANY LIMITED,AGRO,FOOD
OISHI,OISHI GROUP PUBLIC COMPANY LIMITED,AGRO,FOOD
PB,PRESIDENT BAKERY PUBLIC COMPANY LIMITED,AGRO,FOOD
PM,PREMIER MARKETING PUBLIC COMPANY LIMITED,AGRO,FOOD
PRG,PATUM RICE MILL AND GRANARY PUBLIC COMPANY LIMTED,AGRO,FOOD
SAPPE,SAPPE PUBLIC COMPANY LIMITED,AGRO,FOOD
SAUCE,THAITHEPAROS PUBLIC COMPANY LIMITED,AGRO,FOOD
SFP,SIAM FOOD PRODUCTS PUBLIC COMPANY LIMITED,AGRO,FOOD
SNP,S & P SYNDICATE PUBLIC COMPANY LIMITED,AGRO,FOOD
SORKON,S. KHONKAEN FOODS PUBLIC COMPANY LIMITED,AGRO,FOOD
SSC,SERMSUK PUBLIC COMPANY LIMITED,AGRO,FOOD
SSF,SURAPON FOODS PUBLIC COMPANY LIMITED,AGRO,FOOD
SST,SUB SRI THAI PUBLIC COMPANY LIMITED,AGRO,FOOD
TC,TROPICAL CANNING (THAILAND) PUBLIC COMPANY LIMITED,AGRO,FOOD
TFG,THAIFOODS GROUP PUBLIC COMPANY LIMITED,AGRO,FOOD
TFMAMA,THAI PRESIDENT FOODS PUBLIC COMPANY LIMITED,AGRO,FOOD
TIPCO,TIPCO FOODS PUBLIC COMPANY LIMITED,AGRO,FOOD
TKN,TAOKAENOI FOOD & MARKETING PUBLIC COMPANY LIMITED,AGRO,FOOD
TU,THAI UNION GROUP PUBLIC COMPANY LIMITED,AGRO,FOOD
TVO,THAI VEGETABLE OIL PUBLIC COMPANY LIMITED,AGRO,FOOD
AFC,ASIA FIBER PUBLIC COMPANY LIMITED,CONSUMP,FASHION
BTNC,BOUTIQUE NEWCITY PUBLIC COMPANY LIMITED,CONSUMP,FASHION
CPH,CASTLE PEAK HOLDINGS PUBLIC COMPANY LIMITED,CONSUMP,FASHION
CPL,CPL GROUP PUBLIC COMPANY LIMITED,CONSUMP,FASHION
DIGI,DIGITAL TECH PLANET PUBLIC COMPANY LIMITED,CONSUMP,FASHION
ICC,I.C.C. INTERNATIONAL PUBLIC COMPANY LIMITED,CONSUMP,FASHION
LTX,LUCKYTEX (THAILAND) PUBLIC COMPANY LIMITED,CONSUMP,FASHION
NC,NEWCITY (BANGKOK) PUBLIC COMPANY LIMITED,CONSUMP,FASHION
PAF,PAN ASIA FOOTWEAR PUBLIC COMPANY LIMITED,CONSUMP,FASHION
PG,PEOPLE'S GARMENT PUBLIC COMPANY LIMITED,CONSUMP,FASHION
PRANDA,PRANDA JEWELRY PUBLIC COMPANY LIMITED,CONSUMP,FASHION
SABINA,SABINA PUBLIC COMPANY LIMITED,CONSUMP,FASHION
SAWANG,SAWANG EXPORT PUBLIC COMPANY LIMITED,CONSUMP,FASHION
SUC,SAHA-UNION PUBLIC COMPANY LIMITED,CONSUMP,FASHION
TNL,THANULUX PUBLIC COMPANY LIMITED,CONSUMP,FASHION
TPCORP,TEXTILE PRESTIGE PUBLIC COMPANY LIMITED,CONSUMP,FASHION
TR,THAI RAYON PUBLIC COMPANY LIMITED,CONSUMP,FASHION
TTI,THAI TEXTILE INDUSTRY PUBLIC COMPANY LIMITED,CONSUMP,FASHION
TTL,TTL INDUSTRIES PUBLIC COMPANY LIMITED,CONSUMP,FASHION
TTTM,THAI TORAY TEXTILE MILLS PUBLIC COMPANY LIMITED,CONSUMP,FASHION
UPF,UNION PIONEER PUBLIC COMPANY LIMITED,CONSUMP,FASHION
UT,UNION TEXTILE INDUSTRIES PUBLIC COMPANY LIMITED,CONSUMP,FASHION
WACOAL,THAI WACOAL PUBLIC COMPANY LIMITED,CONSUMP,FASHION
ACC,ADVANCED CONNECTION CORPORATION PUBLIC COMPANY LIMITED,CONSUMP,HOME
AJA,AJ ADVANCE TECH PUBLIC COMPANY LIMITED,CONSUMP,HOME
DTCI,D.T.C. INDUSTRIES PUBLIC COMPANY LIMITED,CONSUMP,HOME
FANCY,FANCY WOOD INDUSTRIES PUBLIC COMPANY LIMITED,CONSUMP,HOME
KYE,KANG YONG ELECTRIC PUBLIC COMPANY LIMITED,CONSUMP,HOME
L&E,LIGHTING & EQUIPMENT PUBLIC COMPANY LIMITED,CONSUMP,HOME
MODERN,MODERNFORM GROUP PUBLIC COMPANY LIMITED,CONSUMP,HOME
OGC,OCEAN GLASS PUBLIC COMPANY LIMITED,CONSUMP,HOME
ROCK,ROCKWORTH PUBLIC COMPANY LIMITED,CONSUMP,HOME
SIAM,SIAM STEEL INTERNATIONAL PUBLIC COMPANY LIMITED,CONSUMP,HOME
TSR,THIENSURAT PUBLIC COMPANY LIMITED,CONSUMP,HOME
DDD,DO DAY DREAM PUBLIC COMPANY LIMITED,CONSUMP,PERSON
JCT,JACK CHIA INDUSTRIES (THAILAND) PUBLIC COMPANY LIMITED,CONSUMP,PERSON
OCC,O.C.C. PUBLIC COMPANY LIMITED,CONSUMP,PERSON
S & J,S & J INTERNATIONAL ENTERPRISES PUBLIC COMPANY LIMITED,CONSUMP,PERSON
STHAI,"SHUN THAI RUBBER GLOVES INDUSTRY PUBLIC CO., LTD",CONSUMP,PERSON
TNR,THAI NIPPON RUBBER INDUSTRY PUBLIC COMPANY LIMITED,CONSUMP,PERSON
TOG,THAI OPTICAL GROUP PUBLIC COMPANY LIMITED,CONSUMP,PERSON
BAY,BANK OF AYUDHYA PUBLIC COMPANY LIMITED,FINCIAL,BANK
BBL,BANGKOK BANK PUBLIC COMPANY LIMITED,FINCIAL,BANK
CIMBT,CIMB THAI BANK PUBLIC COMPANY LIMITED,FINCIAL,BANK
KBANK,KASIKORNBANK PUBLIC COMPANY LIMITED,FINCIAL,BANK
KKP,KIATNAKIN BANK PUBLIC COMPANY LIMITED,FINCIAL,BANK
KTB,KRUNG THAI BANK PUBLIC COMPANY LIMITED,FINCIAL,BANK
LHBANK,LH FINANCIAL GROUP PUBLIC COMPANY LIMITED,FINCIAL,BANK
SCB,THE SIAM COMMERCIAL BANK PUBLIC COMPANY LIMITED,FINCIAL,BANK
TCAP,THANACHART CAPITAL PUBLIC COMPANY LIMITED,FINCIAL,BANK
TISCO,TISCO FINANCIAL GROUP PUBLIC COMPANY LIMITED,FINCIAL,BANK
TMB,TMB BANK PUBLIC COMPANY LIMITED,FINCIAL,BANK
AEC,AEC SECURITIES PUBLIC COMPANY LIMITED,FINCIAL,FIN
AEONTS,AEON THANA SINSAP (THAILAND) PUBLIC COMPANY LIMITED,FINCIAL,FIN
AMANAH,AMANAH LEASING PUBLIC COMPANY LIMITED,FINCIAL,FIN
ASAP,SYNERGETIC AUTO PERFORMANCE PUBLIC COMPANY LIMITED,FINCIAL,FIN
ASK,ASIA SERMKIJ LEASING PUBLIC COMPANY LIMITED,FINCIAL,FIN
ASP,ASIA PLUS GROUP HOLDINGS PUBLIC COMPANY LIMITED,FINCIAL,FIN
BFIT,SRISAWAD FINANCE PUBLIC COMPANY LIMITED,FINCIAL,FIN
CGH,COUNTRY GROUP HOLDINGS PUBLIC COMPANY LIMITED,FINCIAL,FIN
CNS,CAPITAL NOMURA SECURITIES PUBLIC COMPANY LIMITED,FINCIAL,FIN
ECL,EASTERN COMMERCIAL LEASING PUBLIC COMPANY LIMITED,FINCIAL,FIN
FNS,FINANSA PUBLIC COMPANY LIMITED,FINCIAL,FIN
FSS,FINANSIA SYRUS SECURITIES PUBLIC COMPANY LIMITED,FINCIAL,FIN
GBX,GLOBLEX HOLDING MANAGEMENT PUBLIC COMPANY LIMITED,FINCIAL,FIN
GL,GROUP LEASE PUBLIC COMPANY LIMITED,FINCIAL,FIN
IFS,IFS CAPITAL (THAILAND) PUBLIC COMPANY LIMITED,FINCIAL,FIN
JMT,JMT NETWORK SERVICE PUBLIC COMPANY LIMITED,FINCIAL,FIN
KCAR,KRUNGTHAI CAR RENT AND LEASE PUBLIC COMPANY LIMITED,FINCIAL,FIN
KGI,KGI SECURITIES (THAILAND) PUBLIC COMPANY LIMITED,FINCIAL,FIN
KTC,KRUNGTHAI CARD PUBLIC COMPANY LIMITED,FINCIAL,FIN
MBKET,MAYBANK KIM ENG SECURITIES (THAILAND) PUBLIC COMPANY LIMITED,FINCIAL,FIN
MFC,MFC ASSET MANAGEMENT PUBLIC COMPANY LIMITED,FINCIAL,FIN
ML,"MIDA LEASING PUBLIC CO., LTD.",FINCIAL,FIN
MTLS,MUANGTHAI LEASING PUBLIC COMPANY LIMITED,FINCIAL,FIN
PE,PREMIER ENTERPRISE PUBLIC COMPANY LIMITED,FINCIAL,FIN
PL,PHATRA LEASING PUBLIC COMPANY LIMITED,FINCIAL,FIN
S11,S 11 GROUP PUBLIC COMPANY LIMITED,FINCIAL,FIN
SAWAD,SRISAWAD CORPORATION PUBLIC COMPANY LIMITED,FINCIAL,FIN
THANI,RATCHTHANI LEASING PUBLIC COMPANY LIMITED,FINCIAL,FIN
TK,THITIKORN PUBLIC COMPANY LIMITED,FINCIAL,FIN
TNITY,TRINITY WATTHANA PUBLIC COMPANY LIMITED,FINCIAL,FIN
UOBKH,UOB KAY HIAN SECURITIES (THAILAND) PUBLIC COMPANY LIMITED,FINCIAL,FIN
ZMICO,SEAMICO SECURITIES PUBLIC COMPANY LIMITED,FINCIAL,FIN
AYUD,SRI AYUDHYA CAPITAL PUBLIC COMPANY LIMITED,FINCIAL,INSUR
BKI,BANGKOK INSUR PUBLIC COMPANY LIMITED,FINCIAL,INSUR
BLA,BANGKOK LIFE ASSURANCE PUBLIC COMPANY LIMITED,FINCIAL,INSUR
BUI,BANGKOK UNION INSUR PUBLIC COMPANY LIMITED,FINCIAL,INSUR
CHARAN,CHARAN INSUR PUBLIC COMPANY LIMITED,FINCIAL,INSUR
INSURE,INDARA INSUR PUBLIC COMPANY LIMITED,FINCIAL,INSUR
MTI,MUANG THAI INSUR PUBLIC COMPANY LIMITED,FINCIAL,INSUR
NKI,THE NAVAKIJ INSUR PUBLIC COMPANY LIMITED,FINCIAL,INSUR
NSI,NAM SENG INSUR PUBLIC COMPANY LIMITED,FINCIAL,INSUR
SMK,SYN MUN KONG INSUR PUBLIC COMPANY LIMITED,FINCIAL,INSUR
THRE,THAI REINSUR PUBLIC COMPANY LIMITED,FINCIAL,INSUR
THREL,THAIRE LIFE ASSURANCE PUBLIC COMPANY LIMITED,FINCIAL,INSUR
TIC,THE THAI INSUR PUBLIC COMPANY LIMITED,FINCIAL,INSUR
TIP,DHIPAYA INSUR PUBLIC COMPANY LIMITED,FINCIAL,INSUR
TSI,THE THAI SETAKIJ INSUR PUBLIC COMPANY LIMITED,FINCIAL,INSUR
TVI,THAIVIVAT INSUR PUBLIC COMPANY LIMITED,FINCIAL,INSUR
AH,AAPICO HITECH PUBLIC COMPANY LIMITED,INDUS,AUTO
APCS,ASIA PRECISION PUBLIC COMPANY LIMITED,INDUS,AUTO
BAT-3K,THAI STORAGE BATTERY PUBLIC COMPANY LIMITED,INDUS,AUTO
CWT,CHAI WATANA TANNERY GROUP PUBLIC COMPANY LIMITED,INDUS,AUTO
EASON,EASON PAINT PUBLIC COMPANY LIMITED,INDUS,AUTO
GYT,GOODYEAR (THAILAND) PUBLIC COMPANY LIMITED,INDUS,AUTO
HFT,HWA FONG RUBBER (THAILAND) PUBLIC COMPANY LIMITED,INDUS,AUTO
IHL,INTERHIDES PUBLIC COMPANY LIMITED,INDUS,AUTO
INGRS,INGRESS INDUSTRIAL (THAILAND) PUBLIC COMPANY LIMITED,INDUS,AUTO
IRC,INOUE RUBBER (THAILAND) PUBLIC COMPANY LIMITED,INDUS,AUTO
PCSGH,P.C.S. MACHINE GROUP HOLDING PUBLIC COMPANY LIMITED,INDUS,AUTO
SAT,SOMBOON ADVANCE TECH PUBLIC COMPANY LIMITED,INDUS,AUTO
SPG,THE SIAM PAN GROUP PUBLIC COMPANY LIMITED,INDUS,AUTO
STANLY,THAI STANLEY ELECTRIC PUBLIC COMPANY LIMITED,INDUS,AUTO
TKT,T.KRUNGTHAI INDUSTRIES PUBLIC COMPANY LIMITED,INDUS,AUTO
TNPC,THAI NAM PLASTIC PUBLIC COMPANY LIMITED,INDUS,AUTO
TRU,THAI RUNG UNION CAR PUBLIC COMPANY LIMITED,INDUS,AUTO
TSC,THAI STEEL CABLE PUBLIC COMPANY LIMITED,INDUS,AUTO
YNP,YARNAPUND PUBLIC COMPANY LIMITED,INDUS,AUTO
ALLA,ALLA PUBLIC COMPANY LIMITED,INDUS,IMM
ASEFA,ASEFA PUBLIC COMPANY LIMITED,INDUS,IMM
CPT,CPT DRIVES AND POWER PUBLIC COMPANY LIMITED,INDUS,IMM
CRANE,CHU KAI PUBLIC COMPANY LIMITED,INDUS,IMM
CTW,CHAROONG THAI WIRE & CABLE PUBLIC COMPANY LIMITED,INDUS,IMM
FMT,FURUKAWA METAL (THAILAND) PUBLIC COMPANY LIMITED,INDUS,IMM
HTECH,HALCYON TECH PUBLIC COMPANY LIMITED,INDUS,IMM
KKC,KULTHORN KIRBY PUBLIC COMPANY LIMITED,INDUS,IMM
PK,PATKOL PUBLIC COMPANY LIMITED,INDUS,IMM
SNC,SNC FORMER PUBLIC COMPANY LIMITED,INDUS,IMM
TCJ,T.C.J. ASIA PUBLIC COMPANY LIMITED,INDUS,IMM
VARO,VAROPAKORN PUBLIC COMPANY LIMITED,INDUS,IMM
AJ,A.J. PLAST PUBLIC COMPANY LIMITED,INDUS,PKG
ALUCON,ALUCON PUBLIC COMPANY LIMITED,INDUS,PKG
CSC,CROWN SEAL PUBLIC COMPANY LIMITED,INDUS,PKG
NEP,NEP REALTY AND INDUSTRY PUBLIC COMPANY LIMITED,INDUS,PKG
NPP,NIPPON PACK (THAILAND) PUBLIC COMPANY LIMITED,INDUS,PKG
PTL,POLYPLEX (THAILAND) PUBLIC COMPANY LIMITED,INDUS,PKG
SITHAI,SRITHAI SUPERWARE PUBLIC COMPANY LIMITED,INDUS,PKG
SLP,SALEE PRINTING PUBLIC COMPANY LIMITED,INDUS,PKG
SMPC,SAHAMITR PRESSURE CONTAINER PUBLIC COMPANY LIMITED,INDUS,PKG
SPACK,S. PACK & PRINT PUBLIC COMPANY LIMITED,INDUS,PKG
TCOAT,THAI COATING INDUSTRIAL PUBLIC COMPANY LIMITED,INDUS,PKG
TFI,THAI FILM INDUSTRIES PUBLIC COMPANY LIMITED,INDUS,PKG
THIP,THANTAWAN INDUSTRY PUBLIC COMPANY LIMITED,INDUS,PKG
TMD,THAI METAL DRUM MANUFACTURING PUBLIC COMPANY LIMITED,INDUS,PKG
TOPP,THAI O.P.P. PUBLIC COMPANY LIMITED,INDUS,PKG
TPBI,TPBI PUBLIC COMPANY LIMITED,INDUS,PKG
TPP,THAI PACKAGING & PRINTING PUBLIC COMPANY LIMITED,INDUS,PKG
UTP,UNITED PAPER PUBLIC COMPANY LIMITED,INDUS,PAPER
GC,GLOBAL CONNECTIONS PUBLIC COMPANY LIMITED,INDUS,PETRO
GGC,GLOBAL GREEN CHEMICALS PUBLIC COMPANY LIMITED,INDUS,PETRO
GIFT,GRATITUDE INFINITE PUBLIC COMPANY LIMITED,INDUS,PETRO
IVL,INDORAMA VENTURES PUBLIC COMPANY LIMITED,INDUS,PETRO
PATO,PATO CHEMICAL INDUSTRY PUBLIC COMPANY LIMITED,INDUS,PETRO
PMTA,PM THORESEN ASIA HOLDINGS PUBLIC COMPANY LIMITED,INDUS,PETRO
PTTGC,PTT GLOBAL CHEMICAL PUBLIC COMPANY LIMITED,INDUS,PETRO
SUTHA,GOLDEN LIME PUBLIC COMPANY LIMITED,INDUS,PETRO
TCB,THAI CARBON BLACK PUBLIC COMPANY LIMITED,INDUS,PETRO
TCCC,THAI CENTRAL CHEMICAL PUBLIC COMPANY LIMITED,INDUS,PETRO
TPA,THAI POLY ACRYLIC PUBLIC COMPANY LIMITED,INDUS,PETRO
UP,UNION PLASTIC PUBLIC COMPANY LIMITED,INDUS,PETRO
VNT,VINYTHAI PUBLIC COMPANY LIMITED,INDUS,PETRO
WG,WHITE GROUP PUBLIC COMPANY LIMITED,INDUS,PETRO
YCI,YONG THAI PUBLIC COMPANY LIMITED,INDUS,PETRO
AMC,ASIA METAL PUBLIC COMPANY LIMITED,INDUS,STEEL
BSBM,BANGSAPHAN BARMILL PUBLIC COMPANY LIMITED,INDUS,STEEL
CEN,CAPITAL ENGINEERING NETWORK PUBLIC COMPANY LIMITED,INDUS,STEEL
CITY,CITY STEEL PUBLIC COMPANY LIMITED,INDUS,STEEL
CSP,CSP STEEL CENTER PUBLIC COMPANY LIMITED,INDUS,STEEL
GJS,G J STEEL PUBLIC COMPANY LIMITED,INDUS,STEEL
GSTEL,G STEEL PUBLIC COMPANY LIMITED,INDUS,STEEL
INOX,POSCO-THAINOX PUBLIC COMPANY LIMITED,INDUS,STEEL
LHK,LOHAKIT METAL PUBLIC COMPANY LIMITED,INDUS,STEEL
MAX,MAX METAL CORPORATION PUBLIC COMPANY LIMITED,INDUS,STEEL
MCS,M.C.S.STEEL PUBLIC COMPANY LIMITED,INDUS,STEEL
MILL,MILLCON STEEL PUBLIC COMPANY LIMITED,INDUS,STEEL
PAP,PACIFIC PIPE PUBLIC COMPANY LIMITED,INDUS,STEEL
PERM,PERMSIN STEEL WORKS PUBLIC COMPANY LIMITED,INDUS,STEEL
RICH,RICH ASIA CORPORATION PUBLIC COMPANY LIMITED,INDUS,STEEL
SAM,SAMCHAI STEEL INDUSTRIES PUBLIC COMPANY LIMITED,INDUS,STEEL
SMIT,SAHAMIT MACHINERY PUBLIC COMPANY LIMITED,INDUS,STEEL
SSI,SAHAVIRIYA STEEL INDUSTRIES PUBLIC COMPANY LIMITED,INDUS,STEEL
SSSC,SIAM STEEL SERVICE CENTER PUBLIC COMPANY LIMITED,INDUS,STEEL
TGPRO,THAI-GERMAN PRODUCTS PUBLIC COMPANY LIMITED,INDUS,STEEL
THE,THE STEEL PUBLIC COMPANY LIMITED,INDUS,STEEL
TIW,THAILAND IRON WORKS PUBLIC COMPANY LIMITED,INDUS,STEEL
TMT,THAI METAL TRADE PUBLIC COMPANY LIMITED,INDUS,STEEL
TSTH,TATA STEEL (THAILAND) PUBLIC COMPANY LIMITED,INDUS,STEEL
TUCC,THAI UNIQUE COIL CENTER PUBLIC COMPANY LIMITED,INDUS,STEEL
TWP,THAI WIRE PRODUCTS PUBLIC COMPANY LIMITED,INDUS,STEEL
TYCN,"TYCOONS WORLDWIDE GROUP (THAILAND) PUBLIC CO.,LTD.",INDUS,STEEL
CCP,CHONBURI CONCRETE PRODUCT PUBLIC COMPANY LIMITED,PROPCON,CONMAT
DCC,DYNASTY CERAMIC PUBLIC COMPANY LIMITED,PROPCON,CONMAT
DCON,DCON PRODUCTS PUBLIC COMPANY LIMITED,PROPCON,CONMAT
DRT,DIAMOND BUILDING PRODUCTS PUBLIC COMPANY LIMITED,PROPCON,CONMAT
EPG,EASTERN POLYMER GROUP PUBLIC COMPANY LIMITED,PROPCON,CONMAT
GEL,GENERAL ENGINEERING PUBLIC COMPANY LIMITED,PROPCON,CONMAT
PPP,PREMIER PRODUCTS PUBLIC COMPANY LIMITED,PROPCON,CONMAT
Q-CON,QUALITY CONSTRUCTION PRODUCTS PUBLIC COMPANY LIMITED,PROPCON,CONMAT
RCI,THE ROYAL CERAMIC INDUSTRY PUBLIC COMPANY LIMITED,PROPCON,CONMAT
SCC,THE SIAM CEMENT PUBLIC COMPANY LIMITED,PROPCON,CONMAT
SCCC,SIAM CITY CEMENT PUBLIC COMPANY LIMITED,PROPCON,CONMAT
SCP,SOUTHERN CONCRETE PILE PUBLIC COMPANY LIMITED,PROPCON,CONMAT
SKN,S.KIJCHAI ENTERPRISE PUBLIC COMPANY LIMITED,PROPCON,CONMAT
TASCO,TIPCO ASPHALT PUBLIC COMPANY LIMITED,PROPCON,CONMAT
TCMC,TCM CORPORATION PUBLIC COMPANY LIMITED,PROPCON,CONMAT
TGCI,THAI-GERMAN CERAMIC INDUSTRY PUBLIC COMPANY LIMITED,PROPCON,CONMAT
TOA,TOA PAINT (THAILAND) PUBLIC COMPANY LIMITED,PROPCON,CONMAT
TPIPL,TPI POLENE PUBLIC COMPANY LIMITED,PROPCON,CONMAT
UMI,THE UNION MOSAIC INDUSTRY PUBLIC COMPANY LIMITED,PROPCON,CONMAT
VNG,VANACHAI GROUP PUBLIC COMPANY LIMITED,PROPCON,CONMAT
WIIK,WIIK & HOEGLUND PUBLIC COMPANY LIMITED,PROPCON,CONMAT
BJCHI,BJC HEAVY INDUSTRIES PUBLIC COMPANY LIMITED,PROPCON,CONS
CK,CH. KARNCHANG PUBLIC COMPANY LIMITED,PROPCON,CONS
CNT,CHRISTIANI & NIELSEN (THAI) PUBLIC COMPANY LIMITED,PROPCON,CONS
EMC,EMC PUBLIC COMPANY LIMITED,PROPCON,CONS
ITD,ITALIAN-THAI DEVELOPMENT PUBLIC COMPANY LIMITED,PROPCON,CONS
NWR,NAWARAT PATANAKARN PUBLIC COMPANY LIMITED,PROPCON,CONS
PAE,PAE (THAILAND) PUBLIC COMPANY LIMITED,PROPCON,CONS
PLE,POWER LINE ENGINEERING PUBLIC COMPANY LIMITED,PROPCON,CONS
PREB,PRE-BUILT PUBLIC COMPANY LIMITED,PROPCON,CONS
PYLON,PYLON PUBLIC COMPANY LIMITED,PROPCON,CONS
SEAFCO,SEAFCO PUBLIC COMPANY LIMITED,PROPCON,CONS
SQ,SAHAKOL EQUIPMENT PUBLIC COMPANY LIMITED,PROPCON,CONS
SRICHA,SRIRACHA CONSTRUCTION PUBLIC COMPANY LIMITED,PROPCON,CONS
STEC,"SINO-THAI ENGINEERING AND CONSTRUCTION PUBLIC CO.,LTD.",PROPCON,CONS
STPI,STP&I PUBLIC COMPANY LIMITED,PROPCON,CONS
SYNTEC,SYNTEC CONSTRUCTION PUBLIC COMPANY LIMITED,PROPCON,CONS
TPOLY,THAI POLYCONS PUBLIC COMPANY LIMITED,PROPCON,CONS
TRC,TRC CONSTRUCTION PUBLIC COMPANY LIMITED,PROPCON,CONS
TTCL,TTCL PUBLIC COMPANY LIMITED,PROPCON,CONS
UNIQ,UNIQUE ENGINEERING AND CONSTRUCTION PUBLIC COMPANY LIMITED,PROPCON,CONS
A,AREEYA PROPERTY PUBLIC COMPANY LIMITED,PROPCON,PROP
AMATA,AMATA CORPORATION PUBLIC COMPANY LIMITED,PROPCON,PROP
AMATAV,AMATA VN PUBLIC COMPANY LIMITED,PROPCON,PROP
ANAN,ANANDA DEVELOPMENT PUBLIC COMPANY LIMITED,PROPCON,PROP
AP,AP (THAILAND) PUBLIC COMPANY LIMITED,PROPCON,PROP
APEX,APEX DEVELOPMENT PUBLIC COMPANY LIMITED,PROPCON,PROP
AQ,AQ ESTATE PUBLIC COMPANY LIMITED,PROPCON,PROP
BLAND,BANGKOK LAND PUBLIC COMPANY LIMITED,PROPCON,PROP
BROCK,BAAN ROCK GARDEN PUBLIC COMPANY LIMITED,PROPCON,PROP
CGD,COUNTRY GROUP DEVELOPMENT PUBLIC COMPANY LIMITED,PROPCON,PROP
CI,CHARN ISSARA DEVELOPMENT PUBLIC COMPANY LIMITED,PROPCON,PROP
CPN,CENTRAL PATTANA PUBLIC COMPANY LIMITED,PROPCON,PROP
ESTAR,EASTERN STAR REAL ESTATE PUBLIC COMPANY LIMITED,PROPCON,PROP
EVER,EVERLAND PUBLIC COMPANY LIMITED,PROPCON,PROP
GLAND,GRAND CANAL LAND PUBLIC COMPANY LIMITED,PROPCON,PROP
GOLD,GOLDEN LAND PROP PUBLIC COMPANY LIMITED,PROPCON,PROP
GREEN,GREEN RESOURC PUBLIC COMPANY LIMITED,PROPCON,PROP
J,JAS ASSET PUBLIC COMPANY LIMITED,PROPCON,PROP
KC,K.C. PROPERTY PUBLIC COMPANY LIMITED,PROPCON,PROP
KWG,KING WAI GROUP (THAILAND) PUBLIC COMPANY LIMITED,PROPCON,PROP
LALIN,LALIN PROPERTY PUBLIC COMPANY LIMITED,PROPCON,PROP
LH,LAND AND HOUSES PUBLIC COMPANY LIMITED,PROPCON,PROP
LPN,L.P.N. DEVELOPMENT PUBLIC COMPANY LIMITED,PROPCON,PROP
MBK,MBK PUBLIC COMPANY LIMITED,PROPCON,PROP
MJD,MAJOR DEVELOPMENT PUBLIC COMPANY LIMITED,PROPCON,PROP
MK,M.K. REAL ESTATE DEVELOPMENT PUBLIC COMPANY LIMITED,PROPCON,PROP
NCH,N. C. HOUSING PUBLIC COMPANY LIMITED,PROPCON,PROP
NNCL,NAVANAKORN PUBLIC COMPANY LIMITED,PROPCON,PROP
NOBLE,NOBLE DEVELOPMENT PUBLIC COMPANY LIMITED,PROPCON,PROP
NUSA,NUSASIRI PUBLIC COMPANY LIMITED,PROPCON,PROP
ORI,ORIGIN PROPERTY PUBLIC COMPANY LIMITED,PROPCON,PROP
PACE,PACE DEVELOPMENT CORPORATION PUBLIC COMPANY LIMITED,PROPCON,PROP
PF,PROPERTY PERFECT PUBLIC COMPANY LIMITED,PROPCON,PROP
PLAT,THE PLATINUM GROUP PUBLIC COMPANY LIMITED,PROPCON,PROP
POLAR,POLARIS CAPITAL PUBLIC COMPANY LIMITED,PROPCON,PROP
PRECHA,PREECHA GROUP PUBLIC COMPANY LIMITED,PROPCON,PROP
PRIN,PRINSIRI PUBLIC COMPANY LIMITED,PROPCON,PROP
PRINC,PRINCIPAL CAPITAL PUBLIC COMPANY LIMITED,PROPCON,PROP
PSH,PRUKSA HOLDING PUBLIC COMPANY LIMITED,PROPCON,PROP
QH,QUALITY HOUSES PUBLIC COMPANY LIMITED,PROPCON,PROP
RICHY,RICHY PLACE 2002 PUBLIC COMPANY LIMITED,PROPCON,PROP
RML,RAIMON LAND PUBLIC COMPANY LIMITED,PROPCON,PROP
ROJNA,ROJANA INDUSTRIAL PARK PUBLIC COMPANY LIMITED,PROPCON,PROP
S,SINGHA ESTATE PUBLIC COMPANY LIMITED,PROPCON,PROP
SAMCO,SAMMAKORN PUBLIC COMPANY LIMITED,PROPCON,PROP
SC,SC ASSET CORPORATION PUBLIC COMPANY LIMITED,PROPCON,PROP
SENA,SENADEVELOPMENT PUBLIC COMPANY LIMITED,PROPCON,PROP
SF,SIAM FUTURE DEVELOPMENT PUBLIC COMPANY LIMITED,PROPCON,PROP
SIRI,SANSIRI PUBLIC COMPANY LIMITED,PROPCON,PROP
SPALI,SUPALAI PUBLIC COMPANY LIMITED,PROPCON,PROP
TFD,THAI FACTORY DEVELOPMENT PUBLIC COMPANY LIMITED,PROPCON,PROP
TICON,TICON INDUSTRIAL CONNECTION PUBLIC COMPANY LIMITED,PROPCON,PROP
U,U CITY PUBLIC COMPANY LIMITED,PROPCON,PROP
UV,UNIVENTURES PUBLIC COMPANY LIMITED,PROPCON,PROP
WHA,WHA CORPORATION PUBLIC COMPANY LIMITED,PROPCON,PROP
WIN,WYNCOAST INDUSTRIAL PARK PUBLIC COMPANY LIMITED,PROPCON,PROP
AMATAR,AMATA SUMMIT GROWTH FREEHOLD AND LEASEHOLD REAL ESTATE INVESTMENT TRUST,PROPCON,PF&REITs
BKKCP,BANGKOK COMMERCIAL PROPERTY FUND,PROPCON,PF&REITs
CPNCG,CPN COMMERCIAL GROWTH LEASEHOLD PROPERTY FUND,PROPCON,PF&REITs
CPNREIT,CPN RETAIL GROWTH LEASEHOLD REIT,PROPCON,PF&REITs
CPTGF,C.P. TOWER GROWTH LEASEHOLD PROPERTY FUND,PROPCON,PF&REITs
CRYSTAL,CRYSTAL RETAIL GROWTH LEASEHOLD PROPERTY FUND,PROPCON,PF&REITs
CTARAF,CENTARA HOTELS & RESORTS LEASEHOLD PROPERTY FUND,PROPCON,PF&REITs
DREIT,DUSIT THANI FREEHOLD AND LEASEHOLD REAL ESTATE INVESTMENT TRUST,PROPCON,PF&REITs
ERWPF,ERAWAN HOTEL GROWTH PROPERTY FUND,PROPCON,PF&REITs
FUTUREPF,FUTURE PARK LEASEHOLD PROPERTY FUND,PROPCON,PF&REITs
GAHREIT,GRANDE HOSPITALITY REAL ESTATE INVESTMENT TRUST,PROPCON,PF&REITs
GLANDRT,GLAND OFFICE LEASEHOLD REAL ESTATE INVESTMENT TRUST,PROPCON,PF&REITs
GOLDPF,GOLD PROPERTY FUND (LEASE HOLD),PROPCON,PF&REITs
GVREIT,GOLDEN VENTURES LEASEHOLD REAL ESTATE INVESTMENT TRUST,PROPCON,PF&REITs
HPF,HEMARAJ INDUSTRIAL PROPERTY AND LEASEHOLD FUND,PROPCON,PF&REITs
HREIT,HEMARAJ LEASEHOLD REAL ESTATE INVESTMENT TRUST,PROPCON,PF&REITs
IMPACT,IMPACT GROWTH REAL ESTATE INVESTMENT TRUST,PROPCON,PF&REITs
JCP,JC LEASEHOLD PROPERTY FUND,PROPCON,PF&REITs
KPNPF,KPN PROPERTY FUND,PROPCON,PF&REITs
LHHOTEL,LH HOTEL LEASEHOLD REAL ESTATE INVESTMENT TRUST,PROPCON,PF&REITs
LHPF,LAND AND HOUSES FREEHOLD AND LEASEHOLD PROPERTY FUND,PROPCON,PF&REITs
LHSC,LH SHOPPING CENTERS LEASEHOLD REAL ESTATE INVESTMENT TRUST,PROPCON,PF&REITs
LUXF,LUXURY REAL ESTATE INVESTMENT FUND,PROPCON,PF&REITs
M-II,MFC INDUSTRIAL INVESTMENT PROPERTY AND LEASEHOLD FUND,PROPCON,PF&REITs
MIPF,MILLIONAIRE PROPERTY FUND,PROPCON,PF&REITs
MIT,MFC INDUSTRIAL REAL ESTATE INVESTMENT TRUST,PROPCON,PF&REITs
MJLF,MAJOR CINEPLEX LIFESTYLE LEASEHOLD PROPERTY FUND,PROPCON,PF&REITs
MNIT,MFC-NICHADA THANI PROPERTY FUND,PROPCON,PF&REITs
MNIT2,NICHADA THANI PROPERTY FUND 2,PROPCON,PF&REITs
MNRF,MULTI-NATIONAL RESIDENCE FUND,PROPCON,PF&REITs
MONTRI,101 MONTRI STORAGE PROPERTY FUND,PROPCON,PF&REITs
M-PAT,MFC PATONG HERITAGE PROPERTY FUND,PROPCON,PF&REITs
M-STOR,MFC-STRATEGIC STORAGE FUND,PROPCON,PF&REITs
POPF,PRIME OFFICE LEASEHOLD PROPERTY FUND,PROPCON,PF&REITs
PPF,PINTHONG INDUSTRIAL PARK PROPERTY FUND,PROPCON,PF&REITs
QHHR,QUALITY HOUSES HOTEL AND RESIDENCE FREEHOLD AND LEASEHOLD PROPERTY FUND,PROPCON,PF&REITs
QHOP,QUALITY HOSPITALITY LEASEHOLD PROPERTY FUND,PROPCON,PF&REITs
QHPF,QUALITY HOUSES LEASEHOLD PROPERTY FUND,PROPCON,PF&REITs
SBPF,SAMUI BURI PROPERTY FUND,PROPCON,PF&REITs
SHREIT,STRATEGIC HOSPITALITY EXTENDABLE FREEHOLD AND LEASEHOLD REAL ESTATE INVESTMENT TRUST,PROPCON,PF&REITs
SIRIP,SIRI PRIME OFFICE PROPERTY FUND,PROPCON,PF&REITs
SPF,SAMUI AIRPORT PROPERTY FUND (LEASEHOLD),PROPCON,PF&REITs
SRIPANWA,SRI PANWA HOSPITALITY REAL ESTATE INVESTMENT TRUST,PROPCON,PF&REITs
SSPF,SALA @ SATHORN PROPERTY FUND,PROPCON,PF&REITs
SSTPF,SUB SRI THAI PROPERTY FUND,PROPCON,PF&REITs
SSTRT,SUB SRI THAI REAL ESTATE INVESTMENT TRUST,PROPCON,PF&REITs
TIF1,THAI INDUSTRIAL FUND 1,PROPCON,PF&REITs
TLGF,TESCO LOTUS RETAIL GROWTH FREEHOLD AND LEASEHOLD PROPERTY FUND,PROPCON,PF&REITs
TLHPF,THAILAND HOSPITALITY PROPERTY FUND,PROPCON,PF&REITs
TNPF,TRINITY FREEHOLD AND LEASEHOLD PROPERTY FUND,PROPCON,PF&REITs
TPRIME,THAILAND PRIME PROPERTY FREEHOLD AND LEASEHOLD REAL ESTATE INVESTMENT TRUST,PROPCON,PF&REITs
TREIT,TICON FREEHOLD AND LEASEHOLD REAL ESTATE INVESTMENT TRUST,PROPCON,PF&REITs
TTLPF,TALAAD THAI LEASEHOLD PROPERTY FUND,PROPCON,PF&REITs
TU-PF,T.U. DOME RESIDENTIAL COMPLEX LEASEHOLD PROPERTY FUND,PROPCON,PF&REITs
URBNPF,URBANA PROPERTY FUND (LEASE HOLD),PROPCON,PF&REITs
WHABT,WHA BUSINESS COMPLEX FREEHOLD AND LEASEHOLD REAL ESTATE INVESTMENT TRUST,PROPCON,PF&REITs
WHART,WHA PREMIUM GROWTH FREEHOLD AND LEASEHOLD REAL ESTATE INVESTMENT TRUST,PROPCON,PF&REITs
ABPIF,AMATA B. GRIMM POWER POWER PLANT INFRASTRUCTURE FUND,RESOURC,ENERG
AI,ASIAN INSULATORS PUBLIC COMPANY LIMITED,RESOURC,ENERG
AKR,EKARAT ENGINEERING PUBLIC COMPANY LIMITED,RESOURC,ENERG
BAFS,BANGKOK AVIATION FUEL SERVICE PCL.,RESOURC,ENERG
BANPU,BANPU PUBLIC COMPANY LIMITED,RESOURC,ENERG
BCP,BANGCHAK CORPORATION PUBLIC COMPANY LIMITED,RESOURC,ENERG
BCPG,BCPG PUBLIC COMPANY LIMITED,RESOURC,ENERG
BGRIM,B.GRIMM POWER PUBLIC COMPANY LIMITED,RESOURC,ENERG
BPP,BANPU POWER PUBLIC COMPANY LIMITED,RESOURC,ENERG
BRRGIF,BURIRAM SUGAR GROUP POWER PLANT INFRASTRUCTURE FUND,RESOURC,ENERG
CKP,CK POWER PUBLIC COMPANY LIMITED,RESOURC,ENERG
DEMCO,DEMCO PUBLIC COMPANY LIMITED,RESOURC,ENERG
EA,ENERGY ABSOLUTE PUBLIC COMPANY LIMITED,RESOURC,ENERG
EARTH,ENERGY EARTH PUBLIC COMPANY LIMITED,RESOURC,ENERG
EASTW,EASTERN WATER RESOURC DEVELOPMENT AND MANAGEMENT PCL.,RESOURC,ENERG
EGATIF,"NORTH BANGKOK POWER PLANT BLOCK 1 INFRASTRUCTURE FUND, ELECTRICITY GENERATING AUTHORITY OF THAILAND",RESOURC,ENERG
EGCO,ELECTRICITY GENERATING PUBLIC COMPANY LIMITED,RESOURC,ENERG
ESSO,ESSO (THAILAND) PUBLIC COMPANY LIMITED,RESOURC,ENERG
GLOW,GLOW ENERGY PUBLIC COMPANY LIMITED,RESOURC,ENERG
GPSC,GLOBAL POWER SYNERGY PUBLIC COMPANY LIMITED,RESOURC,ENERG
GULF,GULF ENERGY DEVELOPMENT PUBLIC COMPANY LIMITED,RESOURC,ENERG
GUNKUL,GUNKUL ENGINEERING PUBLIC COMPANY LIMITED,RESOURC,ENERG
IEC,THE INTERNATIONAL ENGINEERING PUBLIC COMPANY LIMITED,RESOURC,ENERG
IFEC,INTER FAR EAST ENERGY CORPORATION PUBLIC COMPANY LIMITED,RESOURC,ENERG
IRPC,IRPC PUBLIC COMPANY LIMITED,RESOURC,ENERG
LANNA,THE LANNA RESOURC PUBLIC COMPANY LIMITED,RESOURC,ENERG
MDX,M.D.X. PUBLIC COMPANY LIMITED,RESOURC,ENERG
PTG,PTG ENERGY PUBLIC COMPANY LIMITED,RESOURC,ENERG
PTT,PTT PUBLIC COMPANY LIMITED,RESOURC,ENERG
PTTEP,PTT EXPLORATION AND PRODUCTION PUBLIC COMPANY LIMITED,RESOURC,ENERG
RATCH,"RATCHABURI ELECTRICITY GENERATING HOLDING PUBLIC CO.,LTD.",RESOURC,ENERG
RPC,RPCG PUBLIC COMPANY LIMITED,RESOURC,ENERG
SCG,SAHACOGEN (CHONBURI) PUBLIC COMPANY LIMITED,RESOURC,ENERG
SCI,SCI ELECTRIC PUBLIC COMPANY LIMITED,RESOURC,ENERG
SCN,SCAN INTER PUBLIC COMPANY LIMITED,RESOURC,ENERG
SGP,SIAMGAS AND PETROCHEMICALS PUBLIC COMPANY LIMITED,RESOURC,ENERG
SKE,SAKOL ENERGY PUBLIC COMPANY LIMITED,RESOURC,ENERG
SOLAR,SOLARTRON PUBLIC COMPANY LIMITED,RESOURC,ENERG
SPCG,SPCG PUBLIC COMPANY LIMITED,RESOURC,ENERG
SPRC,STAR PETROLEUM REFINING PUBLIC COMPANY LIMITED,RESOURC,ENERG
SUPER,SUPERBLOCK PUBLIC COMPANY LIMITED,RESOURC,ENERG
SUSCO,SUSCO PUBLIC COMPANY LIMITED,RESOURC,ENERG
TAE,THAI AGRO ENERGY PUBLIC COMPANY LIMITED,RESOURC,ENERG
TCC,THAI CAPITAL CORPORATION PUBLIC COMPANY LIMITED,RESOURC,ENERG
TOP,THAI OIL PUBLIC COMPANY LIMITED,RESOURC,ENERG
TPIPP,TPI POLENE POWER PUBLIC COMPANY LIMITED,RESOURC,ENERG
TTW,TTW PUBLIC COMPANY LIMITED,RESOURC,ENERG
WHAUP,WHA UTILITIES AND POWER PUBLIC COMPANY LIMITED,RESOURC,ENERG
PDI,PADAENG INDUSTRY PUBLIC COMPANY LIMITED,RESOURC,MINE
THL,TONGKAH HARBOUR PUBLIC COMPANY LIMITED,RESOURC,MINE
BEAUTY,BEAUTY COMMUNITY PUBLIC COMPANY LIMITED,SERVICE,COMM
BIG,BIG CAMERA CORPORATION PUBLIC COMPANY LIMITED,SERVICE,COMM
BJC,BERLI JUCKER PUBLIC COMPANY LIMITED,SERVICE,COMM
COL,COL PUBLIC COMPANY LIMITED,SERVICE,COMM
COM7,COM7 PUBLIC COMPANY LIMITED,SERVICE,COMM
CPALL,CP ALL PUBLIC COMPANY LIMITED,SERVICE,COMM
CSS,COMMUNICATION AND SYSTEM SOLUTION PUBLIC COMPANY LIMITED,SERVICE,COMM
FN,FN FACTORY OUTLET PUBLIC COMPANY LIMITED,SERVICE,COMM
FTE,FIRETRADE ENGINEERING PUBLIC COMPANY LIMITED,SERVICE,COMM
GLOBAL,SIAM GLOBAL HOUSE PUBLIC COMPANY LIMITED,SERVICE,COMM
HMPRO,HOME PRODUCT CENTER PUBLIC COMPANY LIMITED,SERVICE,COMM
IT,IT CITY PUBLIC COMPANY LIMITED,SERVICE,COMM
KAMART,KARMARTS PUBLIC COMPANY LIMITED,SERVICE,COMM
LOXLEY,LOXLEY PUBLIC COMPANY LIMITED,SERVICE,COMM
MAKRO,SIAM MAKRO PUBLIC COMPANY LIMITED,SERVICE,COMM
MC,MC GROUP PUBLIC COMPANY LIMITED,SERVICE,COMM
MEGA,MEGA LIFESCIENCES PUBLIC COMPANY LIMITED,SERVICE,COMM
MIDA,MIDA ASSETS PUBLIC COMPANY LIMITED,SERVICE,COMM
ROBINS,ROBINSON PUBLIC COMPANY LIMITED,SERVICE,COMM
RSP,RICH SPORT PUBLIC COMPANY LIMITED,SERVICE,COMM
SINGER,SINGER THAILAND PUBLIC COMPANY LIMITED,SERVICE,COMM
SPC,SAHA PATHANAPIBUL PUBLIC COMPANY LIMITED,SERVICE,COMM
SPI,SAHA PATHANA INTER-HOLDING PUBLIC COMPANY LIMITED,SERVICE,COMM
AHC,AIKCHOL HOSPITAL PUBLIC COMPANY LIMITED,SERVICE,HELTH
BCH,BANGKOK CHAIN HOSPITAL PUBLIC COMPANY LIMITED,SERVICE,HELTH
BDMS,BANGKOK DUSIT MEDICAL SERVICE PUBLIC COMPANY LIMITED,SERVICE,HELTH
BH,BUMRUNGRAD HOSPITAL PUBLIC COMPANY LIMITED,SERVICE,HELTH
CHG,CHULARAT HOSPITAL PUBLIC COMPANY LIMITED,SERVICE,HELTH
CMR,CHIANG MAI RAM MEDICAL BUSINESS PUBLIC COMPANY LIMITED,SERVICE,HELTH
EKH,EKACHAI MEDICAL CARE PUBLIC COMPANY LIMITED,SERVICE,HELTH
KDH,THONBURI MEDICAL CENTRE PUBLIC COMPANY LIMITED,SERVICE,HELTH
LPH,LADPRAO GENERAL HOSPITAL PUBLIC COMPANY LIMITED,SERVICE,HELTH
M-CHAI,MAHACHAI HOSPITAL PUBLIC COMPANY LIMITED,SERVICE,HELTH
NEW,WATTANA KARNPAET PUBLIC COMPANY LIMITED,SERVICE,HELTH
NTV,NONTHAVEJ HOSPITAL PUBLIC COMPANY LIMITED,SERVICE,HELTH
RAM,RAMKHAMHAENG HOSPITAL PUBLIC COMPANY LIMITED,SERVICE,HELTH
RJH,RAJTHANEE HOSPITAL PUBLIC COMPANY LIMITED,SERVICE,HELTH
RPH,RATCHAPHRUEK HOSPITAL PUBLIC COMPANY LIMITED,SERVICE,HELTH
SKR,SIKARIN PUBLIC COMPANY LIMITED,SERVICE,HELTH
SVH,SAMITIVEJ PUBLIC COMPANY LIMITED,SERVICE,HELTH
THG,THONBURI HEALTHCARE GROUP PUBLIC COMPANY LIMITED,SERVICE,HELTH
VIBHA,VIBHAVADI MEDICAL CENTER PUBLIC COMPANY LIMITED,SERVICE,HELTH
VIH,SRIVICHAIVEJVIVAT PUBLIC COMPANY LIMITED,SERVICE,HELTH
WPH,WATTANAPAT HOSPITAL TRANG PUBLIC COMPANY LIMITED,SERVICE,HELTH
AMARIN,AMARIN PRINTING AND PUBLISHING PUBLIC COMPANY LIMITED,SERVICE,MEDIA
AQUA,AQUA CORPORATION PUBLIC COMPANY LIMITED,SERVICE,MEDIA
AS,ASIASOFT CORPORATION PUBLIC COMPANY LIMITED,SERVICE,MEDIA
BEC,BEC WORLD PUBLIC COMPANY LIMITED,SERVICE,MEDIA
EPCO,EASTERN PRINTING PUBLIC COMPANY LIMITED,SERVICE,MEDIA
FE,FAR EAST DDB PUBLIC COMPANY LIMITED,SERVICE,MEDIA
GPI,GRAND PRIX INTERNATIONAL PUBLIC COMPANY LIMITED,SERVICE,MEDIA
GRAMMY,GMM GRAMMY PUBLIC COMPANY LIMITED,SERVICE,MEDIA
MACO,MASTER AD PUBLIC COMPANY LIMITED,SERVICE,MEDIA
MAJOR,MAJOR CINEPLEX GROUP PUBLIC COMPANY LIMITED,SERVICE,MEDIA
MATCH,MATCHING MAXIMIZE SOLUTION PUBLIC COMPANY LIMITED,SERVICE,MEDIA
MATI,MATICHON PUBLIC COMPANY LIMITED,SERVICE,MEDIA
MCOT,MCOT PUBLIC COMPANY LIMITED,SERVICE,MEDIA
MONO,MONO TECH PUBLIC COMPANY LIMITED,SERVICE,MEDIA
MPIC,M PICTURES ENTERTAINMENT PUBLIC COMPANY LIMITED,SERVICE,MEDIA
NMG,NATION MULTIMEDIA GROUP PUBLIC COMPANY LIMITED,SERVICE,MEDIA
PLANB,PLAN B MEDIA PUBLIC COMPANY LIMITED,SERVICE,MEDIA
POST,BANGKOK POST PUBLIC COMPANY LIMITED,SERVICE,MEDIA
PRAKIT,PRAKIT HOLDINGS PUBLIC COMPANY LIMITED,SERVICE,MEDIA
RS,RS PUBLIC COMPANY LIMITED,SERVICE,MEDIA
SE-ED,SE-EDUCATION PUBLIC COMPANY LIMITED,SERVICE,MEDIA
SMM,SIAM INTER MULTIMEDIA PUBLIC COMPANY LIMITED,SERVICE,MEDIA
SPORT,SIAM SPORT SYNDICATE PUBLIC COMPANY LIMITED,SERVICE,MEDIA
TBSP,THAI BRITISH SECURITY PRINTING PUBLIC COMPANY LIMITED,SERVICE,MEDIA
TH,TONG HUA HOLDING PUBLIC COMPANY LIMITED,SERVICE,MEDIA
TKS,T.K.S. TECHNOLOGIES PUBLIC COMPANY LIMITED,SERVICE,MEDIA
TRITN,TRITON HOLDING PUBLIC COMPANY LIMITED,SERVICE,MEDIA
VGI,VGI GLOBAL MEDIA PUBLIC COMPANY LIMITED,SERVICE,MEDIA
WAVE,WAVE ENTERTAINMENT PUBLIC COMPANY LIMITED,SERVICE,MEDIA
WORK,WORKPOINT ENTERTAINMENT PUBLIC COMPANY LIMITED,SERVICE,MEDIA
BWG,BETTER WORLD GREEN PUBLIC COMPANY LIMITED,SERVICE,PROF
GENCO,"GENERAL ENVIRONMENTAL CONSERVATION PUBLIC CO., LTD.",SERVICE,PROF
PRO,PROFESSIONAL WASTE TECH (1999) PUBLIC COMPANY LIMITED,SERVICE,PROF
ASIA,ASIA HOTEL PUBLIC COMPANY LIMITED,SERVICE,TOURISM
CENTEL,CENTRAL PLAZA HOTEL PUBLIC COMPANY LIMITED,SERVICE,TOURISM
CSR,CITY SPORTS AND RECREATION PUBLIC COMPANY LIMITED,SERVICE,TOURISM
DTC,DUSIT THANI PUBLIC COMPANY LIMITED,SERVICE,TOURISM
ERW,THE ERAWAN GROUP PUBLIC COMPANY LIMITED,SERVICE,TOURISM
GRAND,GRANDE ASSET HOTELS AND PROPERTY PUBLIC COMPANY LIMITED,SERVICE,TOURISM
LRH,LAGUNA RESORTS & HOTELS PUBLIC COMPANY LIMITED,SERVICE,TOURISM
MANRIN,THE MANDARIN HOTEL PUBLIC COMPANY LIMITED,SERVICE,TOURISM
OHTL,OHTL PUBLIC COMPANY LIMITED,SERVICE,TOURISM
ROH,ROYAL ORCHID HOTEL (THAILAND) PUBLIC COMPANY LIMITED,SERVICE,TOURISM
SHANG,SHANGRI-LA HOTEL PUBLIC COMPANY LIMITED,SERVICE,TOURISM
AAV,ASIA AVIATION PUBLIC COMPANY LIMITED,SERVICE,TRANS
AOT,AIRPORTS OF THAILAND PUBLIC COMPANY LIMITED,SERVICE,TRANS
ASIMAR,ASIAN MARINE SERVICE PUBLIC COMPANY LIMITED,SERVICE,TRANS
BA,BANGKOK AIRWAYS PUBLIC COMPANY LIMITED,SERVICE,TRANS
BEM,BANGKOK EXPRESSWAY AND METRO PUBLIC COMPANY LIMITED,SERVICE,TRANS
BTC,BANGPAKONG TERMINAL PUBLIC COMPANY LIMITED,SERVICE,TRANS
BTS,BTS GROUP HOLDINGS PUBLIC COMPANY LIMITED,SERVICE,TRANS
BTSGIF,BTS RAIL MASS TRANSIT GROWTH INFRASTRUCTURE FUND,SERVICE,TRANS
III,TRIPLE I LOGISTICS PUBLIC COMPANY LIMITED,SERVICE,TRANS
JUTHA,JUTHA MARITIME PUBLIC COMPANY LIMITED,SERVICE,TRANS
JWD,JWD INFOLOGISTICS PUBLIC COMPANY LIMITED,SERVICE,TRANS
KWC,KRUNGDHEP SOPHON PUBLIC COMPANY LIMITED,SERVICE,TRANS
NOK,NOK AIRLINES PUBLIC COMPANY LIMITED,SERVICE,TRANS
NYT,NAMYONG TERMINAL PUBLIC COMPANY LIMITED,SERVICE,TRANS
PRM,PRIMA MARINE PUBLIC COMPANY LIMITED,SERVICE,TRANS
PSL,PRECIOUS SHIPPING PUBLIC COMPANY LIMITED,SERVICE,TRANS
RCL,REGIONAL CONTAINER LINES PUBLIC COMPANY LIMITED,SERVICE,TRANS
THAI,THAI AIRWAYS INTERNATIONAL PUBLIC COMPANY LIMITED,SERVICE,TRANS
TSTE,THAI SUGAR TERMINAL PUBLIC COMPANY LIMITED,SERVICE,TRANS
TTA,THORESEN THAI AGENCIES PUBLIC COMPANY LIMITED,SERVICE,TRANS
WICE,WICE LOGISTICS PUBLIC COMPANY LIMITED,SERVICE,TRANS
CCET,"CAL-COMP ELECTRONICS (THAILAND) PUBLIC CO., LTD.",TECH,ETRON
DELTA,DELTA ELECTRONICS (THAILAND) PUBLIC COMPANY LIMITED,TECH,ETRON
EIC,ELECTRONICS INDUSTRY PUBLIC COMPANY LIMITED,TECH,ETRON
HANA,HANA MICROELECTRONICS PUBLIC COMPANY LIMITED,TECH,ETRON
KCE,KCE ELECTRONICS PUBLIC COMPANY LIMITED,TECH,ETRON
METCO,MURAMOTO ELECTRON (THAILAND) PUBLIC COMPANY LIMITED,TECH,ETRON
SMT,STARS MICROELECTRONICS (THAILAND) PUBLIC COMPANY LIMITED,TECH,ETRON
SPPT,SINGLE POINT PARTS (THAILAND) PUBLIC COMPANY LIMITED,TECH,ETRON
SVI,SVI PUBLIC COMPANY LIMITED,TECH,ETRON
TEAM,TEAM PRECISION PUBLIC COMPANY LIMITED,TECH,ETRON
ADVANC,ADVANCED INFO SERVICE PUBLIC COMPANY LIMITED,TECH,ICT
AIT,"ADVANCED INFORMATION TECH PUBLIC CO.,LTD.",TECH,ICT
ALT,ALT TELECOM PUBLIC COMPANY LIMITED,TECH,ICT
BLISS,BLISS-TEL PUBLIC COMPANY LIMITED,TECH,ICT
CSL,CS LOXINFO PUBLIC COMPANY LIMITED,TECH,ICT
DIF,DIGITAL TELECOMMUNICATIONS INFRASTRUCTURE FUND,TECH,ICT
DTAC,TOTAL ACCESS COMMUNICATION PUBLIC COMPANY LIMITED,TECH,ICT
FER,FERRUM PUBLIC COMPANY LIMITED,TECH,ICT
FORTH,FORTH CORPORATION PUBLIC COMPANY LIMITED,TECH,ICT
HUMAN,HUMANICA PUBLIC COMPANY LIMITED,TECH,ICT
ILINK,INTERLINK COMMUNICATION PUBLIC COMPANY LIMITED,TECH,ICT
INET,INTERNET THAILAND PUBLIC COMPANY LIMITED,TECH,ICT
INTUCH,INTOUCH HOLDINGS PUBLIC COMPANY LIMITED,TECH,ICT
JAS,JASMINE INTERNATIONAL PUBLIC COMPANY LIMITED,TECH,ICT
JASIF,JASMINE BROADBAND INTERNET INFRASTRUCTURE FUND,TECH,ICT
JMART,JAY MART PUBLIC COMPANY LIMITED,TECH,ICT
JTS,JASMINE TELECOM SYSTEMS PUBLIC COMPANY LIMITED,TECH,ICT
MFEC,MFEC PUBLIC COMPANY LIMITED,TECH,ICT
MSC,METRO SYSTEMS CORPORATION PUBLIC COMPANY LIMITED,TECH,ICT
PT,PREMIER TECH PUBLIC COMPANY LIMITED,TECH,ICT
SAMART,SAMART CORPORATION PUBLIC COMPANY LIMITED,TECH,ICT
SAMTEL,SAMART TELCOMS PUBLIC COMPANY LIMITED,TECH,ICT
SDC,SAMART DIGITAL PUBLIC COMPANY LIMITED,TECH,ICT
SIS,SIS DISTRIBUTION (THAILAND) PUBLIC COMPANY LIMITED,TECH,ICT
SVOA,SVOA PUBLIC COMPANY LIMITED,TECH,ICT
SYMC,SYMPHONY COMMUNICATION PUBLIC COMPANY LIMITED,TECH,ICT
SYNEX,SYNNEX (THAILAND) PUBLIC COMPANY LIMITED,TECH,ICT
THCOM,THAICOM PUBLIC COMPANY LIMITED,TECH,ICT
TRUE,TRUE CORPORATION PUBLIC COMPANY LIMITED,TECH,ICT
TWZ,TWZ CORPORATION PUBLIC COMPANY LIMITED,TECH,ICT
